Question ID,Domain,Question Text,Question Type
A&A-01.1,Audit & Assurance,"Are audit and assurance policies, procedures, and standards established, documented,approved, communicated, applied, evaluated, and maintained?","Yes,No,NA"
A&A-01.2,Audit & Assurance,"Are audit and assurance policies, procedures, and standards reviewed and updatedat least annually, or upon significant changes?","Yes,No,NA"
A&A-02.1,Audit & Assurance,Are independent audit and assurance assessments conducted according to relevantstandards at least annually?,"Yes,No,NA"
A&A-03.1,Audit & Assurance,"Are independent audit and assurance assessments performed according to risk-basedplans and policies, and in response to significant changes or emerging risks?","Yes,No,NA"
A&A-04.1,Audit & Assurance,"Is compliance verified regarding all relevant standards, regulations, legal/contractual,and statutory requirements applicable to the audit?","Yes,No,NA"
A&A-05.1,Audit & Assurance,"Is an audit management process defined and implemented to support audit planning,risk analysis, security control assessments, conclusions, remediation schedules,report generation, and reviews of past reports and supporting evidence and aligned with relevant auditing standards?","Yes,No,NA"
A&A-06.1,Audit & Assurance,"Is a risk-based corrective action plan to remediate audit findings established,documented, approved, communicated, applied, evaluated, and maintained?","Yes,No,NA"
A&A-06.2,Audit & Assurance,Is the remediation status of audit findings regularly reviewed and reported to relevantstakeholders?,"Yes,No,NA"
AIS-01.1,Application & Interface Security,"Are application security policies and procedures established, documented, approved, communicated, applied, evaluated, and maintained?","Yes,No,NA"
AIS-01.2,Application & Interface Security,"Are application security policies and procedures reviewed and updated at leastannually, or upon any significant changes?","Yes,No,NA"
AIS-02.1,Application & Interface Security,"Are baseline requirements to secure applications established, documented,and maintained?","Yes,No,NA"
AIS-03.1,Application & Interface Security,"Are technical and operational metrics defined and implemented according tobusiness objectives, security requirements, and compliance obligations?","Yes,No,NA"
AIS-04.1,Application & Interface Security,"Is a secure SDLC process defined and implemented for application requirements analysis, planning, design, development, testing, deployment, and operation per organizationally designed security requirements?","Yes,No,NA"
AIS-05.1,Application & Interface Security,"Does the testing strategy outline criteria to accept new information systems, upgrades, and new versions while ensuring application security, compliance adherence, and meeting organizational delivery goals?","Yes,No,NA"
AIS-05.2,Application & Interface Security,Is testing automated when applicable and possible?,"Yes,No,NA"
AIS-06.1,Application & Interface Security,"Are strategies and capabilities established and implemented to deploy applicationcode in a secure, standardized, and compliant manner?","Yes,No,NA"
AIS-06.2,Application & Interface Security,Is the deployment and integration of application code automated where possible?,"Yes,No,NA"
AIS-07.1,Application & Interface Security,Are application security vulnerabilities remediated following defined processes?,"Yes,No,NA"
AIS-07.2,Application & Interface Security,Is the remediation of application security vulnerabilities automated whenpossible?,"Yes,No,NA"
AIS-08.1,Application & Interface Security,"Are processes, procedures, and technical measures defined and implemented to secure APIs?  ","Yes,No,NA"
AIS-08.2,Application & Interface Security,"Are reviews and updates for any improvements conducted at least annually, or upon significant changes? ","Yes,No,NA"
BCR-01.1,Business Continuity Management and Operational Resilience,"Are business continuity management and operational resilience policies andprocedures established, documented, approved, communicated, applied, evaluated,and maintained?","Yes,No,NA"
BCR-01.2,Business Continuity Management and Operational Resilience,"Are the policies and procedures reviewed and updated at least annually, or upon significant changes?","Yes,No,NA"
BCR-02.1,Business Continuity Management and Operational Resilience,Are criteria for developing business continuity and operational resiliencystrategies and capabilities established based on business disruption and riskimpacts?,"Yes,No,NA"
BCR-02.2,Business Continuity Management and Operational Resilience,Are the risk assessment and impact analysis reviewed and updated at least annually or upon significant changes?,"Yes,No,NA"
BCR-03.1,Business Continuity Management and Operational Resilience,"Are strategies being established to reduce the impact of business disruptions, and are resiliency and recovery from business disruptions being improved?","Yes,No,NA"
BCR-04.1,Business Continuity Management and Operational Resilience,"Are operational resilience strategies and capability results incorporatedto establish, document, approve, communicate, apply, evaluate, and maintain abusiness continuity plan?","Yes,No,NA"
BCR-05.1,Business Continuity Management and Operational Resilience,"Is relevant documentation developed, identified, and acquired both internally and from external parties, to support business continuity and operational resilience plans?","Yes,No,NA"
BCR-05.2,Business Continuity Management and Operational Resilience,Is business continuity and operational resilience documentation availableto authorized stakeholders?,"Yes,No,NA"
BCR-05.3,Business Continuity Management and Operational Resilience,Is business continuity and operational resilience documentation reviewed at least annually or upon significant changes?,"Yes,No,NA"
BCR-06.1,Business Continuity Management and Operational Resilience,Are the business continuity and operational resilience plans exercised andtested at least annually and when significant changes occur?,"Yes,No,NA"
BCR-07.1,Business Continuity Management and Operational Resilience,Are communication channels with all relevant stakeholders established and maintained during business continuity and resilience procedures?,"Yes,No,NA"
BCR-08.1,Business Continuity Management and Operational Resilience,Are backups performed periodically?,"Yes,No,NA"
BCR-08.2,Business Continuity Management and Operational Resilience,"Is the confidentiality, integrity, and availability of the backup ensured?","Yes,No,NA"
BCR-08.3,Business Continuity Management and Operational Resilience,Can backups be restored appropriately for resiliency?,"Yes,No,NA"
BCR-09.1,Business Continuity Management and Operational Resilience,"Is a disaster response plan established, documented, approved, applied, evaluated,and maintained to ensure recovery from natural and man-made disasters?","Yes,No,NA"
BCR-09.2,Business Continuity Management and Operational Resilience,"Is the disaster response plan updated at least annually, and when significantchanges occur?","Yes,No,NA"
BCR-10.1,Business Continuity Management and Operational Resilience,Is the disaster response plan exercised annually or when significant changesoccur?,"Yes,No,NA"
BCR-10.2,Business Continuity Management and Operational Resilience,"Are local emergency authorities included, if possible, in the exercise?","Yes,No,NA"
BCR-11.1,Business Continuity Management and Operational Resilience,"Are business-critical equipment supplemented with both locally redundant and geographically dispersed equipment located at a reasonable minimum distance, in accordance with applicable industry standards?","Yes,No,NA"
CCC-01.1,Change Control and Configuration Management,"Are policies and procedures for managing the risks associated with applying changes to assets owned, controlled, or used by the organization established, documented, approved, communicated, applied, evaluated, and maintained?","Yes,No,NA"
CCC-01.2,Change Control and Configuration Management,"Are the policies and procedures reviewed and updated at least annually, or upon significant changes?","Yes,No,NA"
CCC-02.1,Change Control and Configuration Management,"Is a defined quality change control, approval and testing process, incorporating baselines, testing, and release standards, established, maintained and implemented?","Yes,No,NA"
CCC-03.1,Change Control and Configuration Management,"Is a change management procedure implemented to manage the risks associated with applying changes to assets, owned, controlled or used by the organization?","Yes,No,NA"
CCC-04.1,Change Control and Configuration Management,"Is a procedure to authorize the addition, removal, update, and management of assets owned, controlled, or used by the organization, implemented and enforced?","Yes,No,NA"
CCC-05.1,Change Control and Configuration Management,Are provisions to limit changes directly impacting service customer-owned environments (tenants) to explicitly authorized requests included within service level agreements?,"Yes,No,NA"
CCC-06.1,Change Control and Configuration Management,"Are change management and configuration baselines established, documented and implemented for all relevant authorized changes on organizational assets?","Yes,No,NA"
CCC-06.2,Change Control and Configuration Management,Are the baselines reviewed and updated at least annually or upon significant changes?,"Yes,No,NA"
CCC-07.1,Change Control and Configuration Management,Are detection measures implemented with proactive notification if changesdeviate from established baselines?,"Yes,No,NA"
CCC-08.1,Change Control and Configuration Management,"Is a procedure implemented to manage exceptions, including emergencies, inthe change and configuration process?","Yes,No,NA"
CCC-08.2,Change Control and Configuration Management,Is the procedure aligned with the requirements of the GRC-04: Policy ExceptionProcess?,"Yes,No,NA"
CCC-09.1,Change Control and Configuration Management,"Is a process to proactively roll back changes to a previously known ""goodstate"" defined and implemented in case of errors or security concerns?","Yes,No,NA"
CEK-01.1,"Cryptography, Encryption & Key Management","Are cryptography, encryption, and key management policies and procedures established,documented, approved, communicated, applied, evaluated, and maintained?","Yes,No,NA"
CEK-01.2,"Cryptography, Encryption & Key Management","Are cryptography, encryption, and key management policies and procedures reviewedand updated at least annually, upon significant changes?","Yes,No,NA"
CEK-02.1,"Cryptography, Encryption & Key Management","Are cryptography, encryption, and key management roles and responsibilitiesdefined and implemented?","Yes,No,NA"
CEK-03.1,"Cryptography, Encryption & Key Management","Are data protection at-rest and in-transit, and where applicable in use, provided using cryptographic libraries certified to approved standards?","Yes,No,NA"
CEK-04.1,"Cryptography, Encryption & Key Management","Are encryption algorithms following industry standards utilized for protecting data, based on the data classification and associated risks?","Yes,No,NA"
CEK-05.1,"Cryptography, Encryption & Key Management","Are standard change management procedures established to review, approve,implement and communicate cryptography, encryption, and key management technologychanges that accommodate internal and external sources?","Yes,No,NA"
CEK-06.1,"Cryptography, Encryption & Key Management","Are changes to cryptography-, encryption- and key management-related systems,policies, and procedures, managed and adopted in a manner that fully accountsfor downstream effects of proposed changes, including residual risk, cost, andbenefits analysis?","Yes,No,NA"
CEK-07.1,"Cryptography, Encryption & Key Management","Is a cryptography, encryption, and key management risk program establishedand maintained that includes risk assessment, risk treatment, risk context, monitoring,and feedback provisions?","Yes,No,NA"
CEK-08.1,"Cryptography, Encryption & Key Management",Are service providers providing service customers with the capacity to manage their own data encryption keys?,"Yes,No,NA"
CEK-09.1,"Cryptography, Encryption & Key Management","Are encryption and key management systems, policies, and processes auditedwith a frequency proportional to the system's risk exposure, and after any securityevent?","Yes,No,NA"
CEK-09.2,"Cryptography, Encryption & Key Management","Are encryption and key management systems, policies, and processes audited(preferably continuously but at least annually)?","Yes,No,NA"
CEK-10.1,"Cryptography, Encryption & Key Management",Are cryptographic keys generated using industry-accepted and approved cryptographiclibraries that specify algorithm strength and random number generator specifications?,"Yes,No,NA"
CEK-11.1,"Cryptography, Encryption & Key Management","Are private keys provisioned for a unique purpose managed, and is cryptographysecret?","Yes,No,NA"
CEK-12.1,"Cryptography, Encryption & Key Management",Are cryptographic keys rotated based on a cryptoperiod calculated while consideringinformation disclosure risks and legal and regulatory requirements?,"Yes,No,NA"
CEK-13.1,"Cryptography, Encryption & Key Management","Are cryptographic keys revoked and removed before the end of the establishedcryptoperiod (when a key is compromised, or an entity is no longer part of theorganization) per defined, implemented, and evaluated processes, procedures, andtechnical measures to include legal and regulatory requirement provisions?","Yes,No,NA"
CEK-14.1,"Cryptography, Encryption & Key Management","Are processes, procedures and technical measures to securely destroy cryptographic keys when they are no longer needed, defined, implemented, and evaluated, and include provisions for legal and regulatory requirements?","Yes,No,NA"
CEK-15.1,"Cryptography, Encryption & Key Management","Are processes, procedures, and technical measures to create keys in a pre-activatedstate (i.e., when they have been generated but not authorized for use) being defined,implemented, and evaluated to include legal and regulatory requirement provisions?","Yes,No,NA"
CEK-16.1,"Cryptography, Encryption & Key Management","Are processes, procedures, and technical measures to monitor, review and approvekey transitions (e.g., from any state to/from suspension) being defined, implemented,and evaluated to include legal and regulatory requirement provisions?","Yes,No,NA"
CEK-17.1,"Cryptography, Encryption & Key Management","Are processes, procedures, and technical measures to deactivate keys (at thetime of their expiration date) being defined, implemented, and evaluated to includelegal and regulatory requirement provisions?","Yes,No,NA"
CEK-18.1,"Cryptography, Encryption & Key Management","Are processes, procedures, and technical measures to manage archived keysin a secure repository (requiring least privilege access) being defined, implemented,and evaluated to include legal and regulatory requirement provisions?","Yes,No,NA"
CEK-19.1,"Cryptography, Encryption & Key Management","Are processes, procedures, and technical measures to use compromised keys toencrypt information in specific scenarios (e.g., only in controlled circumstancesand thereafter only for data decryption and never for encryption) defined,implemented, and evaluated to include legal and regulatory requirement provisions?","Yes,No,NA"
CEK-20.1,"Cryptography, Encryption & Key Management","Are processes, procedures, and technical measures to assess operational continuityrisks (versus the risk of losing control of keying material and exposing protecteddata) being defined, implemented, and evaluated to include legal and regulatoryrequirement provisions?","Yes,No,NA"
CEK-21.1,"Cryptography, Encryption & Key Management","Are key management system processes, procedures, and technical measures beingdefined, implemented, and evaluated to track and report all cryptographic materialsand status changes that include legal and regulatory requirements provisions?","Yes,No,NA"
DCS-01.1,Datacenter Security,"Are policies and procedures for physical and environmental security established, documented, approved, communicated, applied, evaluated, and maintained?","Yes,No,NA"
DCS-01.2,Datacenter Security,"Are policies and procedures for physical and environmental security reviewed and updated at least annually, or upon significant changes?","Yes,No,NA"
DCS-02.1,Datacenter Security,"Are policies and procedures for the secure disposal of equipment used outsidethe organization's premises established, documented, approved, communicated, enforced,and maintained?","Yes,No,NA"
DCS-02.2,Datacenter Security,Is a data destruction procedure applied that renders information recoveryinformation impossible if equipment is not physically destroyed?,"Yes,No,NA"
DCS-02.3,Datacenter Security,Are policies and procedures for the secure disposal of equipment used outsidethe organization's premises reviewed and updated at least annually or upon significant changes?,"Yes,No,NA"
DCS-03.1,Datacenter Security,"Are policies and procedures for the relocation or transfer of hardware, software,or data/information to an offsite or alternate location established, documented,approved, communicated, implemented, enforced, maintained?","Yes,No,NA"
DCS-03.2,Datacenter Security,Does a relocation or transfer request require written or cryptographicallyverifiable authorization?,"Yes,No,NA"
DCS-03.3,Datacenter Security,"Are policies and procedures for the relocation or transfer of hardware, software,or data/information to an offsite or alternate location reviewed and updated atleast annually, or upon significant changes?","Yes,No,NA"
DCS-04.1,Datacenter Security,"Are policies and procedures for maintaining a safe and secure working environment(in offices, rooms, and facilities) established, documented, approved, communicated,enforced, and maintained?","Yes,No,NA"
DCS-04.2,Datacenter Security,"Are policies and procedures for maintaining safe, secure working environments(e.g., offices, rooms) reviewed and updated at least annually, or upon significant changes?","Yes,No,NA"
DCS-05.1,Datacenter Security,"Are policies and procedures for the secure transportation of physical mediaestablished, documented, approved, communicated, enforced, evaluated, and maintained?","Yes,No,NA"
DCS-05.2,Datacenter Security,"Are policies and procedures for the secure transportation of physical mediareviewed and updated at least annually, or upon significant changes?","Yes,No,NA"
DCS-06.1,Datacenter Security,Is the classification and documentation of physical and logical assets basedon the organizational business risk?,"Yes,No,NA"
DCS-06.2,Datacenter Security,Are assets’ classifications reviewed and updated at least annually or upon significant changes?,"Yes,No,NA"
DCS-07.1,Datacenter Security,Are all relevant physical and logical assets at all CSP sites cataloged andtracked within a secured system?,"Yes,No,NA"
DCS-07.2,Datacenter Security,Is the catalogue reviewed and updated at least annually or upon significant changes?,"Yes,No,NA"
DCS-08.1,Datacenter Security,"Are physical security perimeters designed and implemented to safeguard personnel, data,and information systems?","Yes,No,NA"
DCS-09.1,Datacenter Security,Is equipment identification used as a method for connection authentication?,"Yes,No,NA"
DCS-10.1,Datacenter Security,"Are solely authorized personnel able to access secure areas, with all ingressand egress areas restricted, documented, and monitored by physical access controlmechanisms?","Yes,No,NA"
DCS-10.2,Datacenter Security,"Are access control records retained periodically, as deemed appropriate bythe organization?","Yes,No,NA"
DCS-11.1,Datacenter Security,"Are external perimeter datacenter surveillance systems and surveillance systemsat all ingress and egress points implemented, maintained, and operated?","Yes,No,NA"
DCS-12.1,Datacenter Security,"Are datacenter personnel trained to safely manage adverse events, including but not limited to unauthorized ingress and egress attempts?","Yes,No,NA"
DCS-13.1,Datacenter Security,"Are processes, procedures, and technical measures defined, implemented, andevaluated to ensure risk-based protection of power and telecommunication cablesfrom interception, interference, or damage threats at all facilities, offices,and rooms?","Yes,No,NA"
DCS-14.1,Datacenter Security,"Are data center environmental control systems designed to monitor, maintain,and test that on-site temperature and humidity conditions fall within acceptedindustry standards effectively implemented and maintained?","Yes,No,NA"
DCS-15.1,Datacenter Security,"Are utility services secured, monitored, maintained, and tested at plannedintervals for continual effectiveness?","Yes,No,NA"
DCS-16.1,Datacenter Security,Is business-critical equipment segregated from locations subject to a highprobability of environmental risk events?,"Yes,No,NA"
DCS-17.1,Datacenter Security,"Are datacenter security metrics established, monitored, and reported to secure data center assets and services?","Yes,No,NA"
DCS-18.1,Datacenter Security,"Are processes, procedures, and technical measures defined, implemented, and evaluated to ensure continuous operations?","Yes,No,NA"
DSP-01.1,Data Security and Privacy Lifecycle Management,"Are policies and procedures established, documented, approved, communicated,enforced, evaluated, and maintained for the preparation, classification, protection, and handlingof data throughout its lifecycle according to all applicable laws and regulations,standards, and risk level?","Yes,No,NA"
DSP-01.2,Data Security and Privacy Lifecycle Management,"Are data security and privacy policies and procedures reviewed and updatedat least annually, or upon significant changes?","Yes,No,NA"
DSP-02.1,Data Security and Privacy Lifecycle Management,Are industry-accepted methods applied for secure data disposal from storagemedia so information is not recoverable by any forensic means?,"Yes,No,NA"
DSP-03.1,Data Security and Privacy Lifecycle Management,"Is a data inventory created and maintained for sensitive, regulated and personal information(at a minimum)?","Yes,No,NA"
DSP-03.2,Data Security and Privacy Lifecycle Management,Is the inventory reviewed and updated at least annually or upon significant changes?,"Yes,No,NA"
DSP-04.1,Data Security and Privacy Lifecycle Management,Is data classified according to type and sensitivity levels?,"Yes,No,NA"
DSP-05.1,Data Security and Privacy Lifecycle Management,Is data flow documentation created to identify what data is processed andwhere it is stored and transmitted?,"Yes,No,NA"
DSP-05.2,Data Security and Privacy Lifecycle Management,"Is data flow documentation reviewed at defined intervals, at least annually,or upon significant changes?","Yes,No,NA"
DSP-06.1,Data Security and Privacy Lifecycle Management,Is the ownership and stewardship of all relevant personal and sensitive datadocumented?,"Yes,No,NA"
DSP-06.2,Data Security and Privacy Lifecycle Management,Is data ownership and stewardship documentation reviewed at least annually?,"Yes,No,NA"
DSP-07.1,Data Security and Privacy Lifecycle Management,"Are systems, products, and business practices based on security principlesby design and per industry best practices?","Yes,No,NA"
DSP-08.1,Data Security and Privacy Lifecycle Management,"Are systems, products, and business practices based on privacy principlesby design and according to industry best practices?","Yes,No,NA"
DSP-08.2,Data Security and Privacy Lifecycle Management,Are systems' privacy settings configured by default and according to all applicablelaws and regulations?,"Yes,No,NA"
DSP-09.1,Data Security and Privacy Lifecycle Management,"Is a data protection impact assessment (DPIA) conducted when processing personaldata and evaluating the origin, nature, particularity, and severity of risks accordingto any applicable laws, regulations and industry best practices?","Yes,No,NA"
DSP-10.1,Data Security and Privacy Lifecycle Management,"Are processes, procedures, and technical measures defined, implemented, andevaluated to ensure any transfer of personal or sensitive data is protected fromunauthorized access and only processed within scope (as permitted by respectivelaws and regulations)?","Yes,No,NA"
DSP-11.1,Data Security and Privacy Lifecycle Management,"Are processes, procedures, and technical measures defined, implemented, andevaluated to enable data subjects to request access to, modify, or delete personaldata (per applicable laws and regulations)?","Yes,No,NA"
DSP-12.1,Data Security and Privacy Lifecycle Management,"Are processes, procedures, and technical measures defined, implemented, andevaluated to ensure personal data is processed (per applicable laws and regulationsand for the purposes declared to the data subject)?","Yes,No,NA"
DSP-13.1,Data Security and Privacy Lifecycle Management,"Are processes, procedures, and technical measures defined, implemented, andevaluated for the transfer and sub-processing of personal data within the servicesupply chain (according to any applicable laws and regulations)?","Yes,No,NA"
DSP-14.1,Data Security and Privacy Lifecycle Management,"Are processes, procedures, and technical measures defined, implemented, andevaluated to disclose details to the data owner of any personal or sensitive dataaccess by sub-processors before processing initiation?","Yes,No,NA"
DSP-15.1,Data Security and Privacy Lifecycle Management,"Is authorization from data owners obtained, and the associated risk managed,before replicating or using production data in non-production environments?","Yes,No,NA"
DSP-16.1,Data Security and Privacy Lifecycle Management,"Do data retention, archiving, and deletion practices follow business requirements,applicable laws, and regulations?","Yes,No,NA"
DSP-17.1,Data Security and Privacy Lifecycle Management,"Are processes, procedures, and technical measures defined and implementedto protect sensitive data throughout its lifecycle?","Yes,No,NA"
DSP-18.1,Data Security and Privacy Lifecycle Management,"Does the service provider ensure that a procedure is in place and communicated to service customers for managing and responding to requests by law enforcement authorities for the disclosure of personal data, in accordance with applicable laws and regulations?","Yes,No,NA"
DSP-19.1,Data Security and Privacy Lifecycle Management,"Are processes, procedures, and technical measures defined and implementedto specify and document physical data locations, including locales where datais processed or backed up?","Yes,No,NA"
GRC-01.1,"Governance, Risk and Compliance","Are information governance program policies and procedures sponsored by organizationalleadership established, documented, approved, communicated, applied, evaluated,and maintained?","Yes,No,NA"
GRC-01.2,"Governance, Risk and Compliance","Are the policies and procedures reviewed and updated at least annually, or upon significant changes?","Yes,No,NA"
GRC-02.1,"Governance, Risk and Compliance","Is there an established and maintained formal, documented, and leadership-sponsored enterpriserisk management (ERM) program that includes policies and procedures for identification,evaluation, ownership, treatment, and acceptance of risks?","Yes,No,NA"
GRC-03.1,"Governance, Risk and Compliance","Are all relevant organizational policies and associated procedures reviewedat least annually, or when a substantial organizational change occurs?","Yes,No,NA"
GRC-04.1,"Governance, Risk and Compliance",Is an approved exception process mandated by the governance program establishedand followed whenever a deviation from an established policy occurs?,"Yes,No,NA"
GRC-05.1,"Governance, Risk and Compliance",Has an information security program (including programs of all relevant CCMdomains) been developed and implemented?,"Yes,No,NA"
GRC-06.1,"Governance, Risk and Compliance","Are roles and responsibilities for planning, implementing, operating, assessing,and improving governance programs defined and documented?","Yes,No,NA"
GRC-07.1,"Governance, Risk and Compliance","Are all relevant standards, regulations, legal/contractual, and statutoryrequirements applicable to your organization identified and documented?","Yes,No,NA"
GRC-07.2,"Governance, Risk and Compliance",Are the identified requirements reviewed at least annually or upon significant changes?,"Yes,No,NA"
GRC-08.1,"Governance, Risk and Compliance",Is contact established and maintained with related special interestgroups and other relevant entities?,"Yes,No,NA"
HRS-01.1,Human Resources,"Are background verification policies and procedures of all new employees (includingbut not limited to remote employees, contractors, and third parties) established,documented, approved, communicated, applied, evaluated, and maintained?","Yes,No,NA"
HRS-01.2,Human Resources,"Are background verification policies and procedures designed according tolocal laws, regulations, ethics, and contractual constraints and proportionalto the data classification to be accessed, business requirements, and acceptablerisk?","Yes,No,NA"
HRS-01.3,Human Resources,"Are background verification policies and procedures reviewed and updated atleast annually, or upon significant changes?","Yes,No,NA"
HRS-02.1,Human Resources,"Are policies and procedures for defining allowances and conditions for theacceptable use of organizationally-owned or managed assets established, documented,approved, communicated, applied, evaluated, and maintained?","Yes,No,NA"
HRS-02.2,Human Resources,"Are the policies and procedures for defining allowances and conditions forthe acceptable use of organizationally-owned or managed assets reviewed and updatedat least annually, or upon significant changes?","Yes,No,NA"
HRS-03.1,Human Resources,"Are policies and procedures requiring unattended workspaces to conceal confidentialdata established, documented, approved, communicated, applied, evaluated, andmaintained?","Yes,No,NA"
HRS-03.2,Human Resources,"Are policies and procedures requiring unattended workspaces to conceal confidentialdata reviewed and updated at least annually, or upon significant changes?","Yes,No,NA"
HRS-04.1,Human Resources,"Are policies and procedures to protect information accessed, processed, orstored at remote sites and locations established, documented, approved, communicated,applied, evaluated, and maintained?","Yes,No,NA"
HRS-04.2,Human Resources,"Are policies and procedures to protect information accessed, processed, orstored at remote sites and locations reviewed and updated at least annually, or upon significant changes?","Yes,No,NA"
HRS-05.1,Human Resources,Are return procedures of organizationally-owned assets by terminated employeesestablished and documented?,"Yes,No,NA"
HRS-06.1,Human Resources,"Are procedures outlining the roles and responsibilities concerning changesin employment established, documented, and communicated to all relevant personnel?","Yes,No,NA"
HRS-07.1,Human Resources,"Are employees required to sign an employment agreement before gaining accessto organizational information systems, resources, and assets?","Yes,No,NA"
HRS-08.1,Human Resources,Are provisions and/or terms for adherence to established information governanceand security policies included within employment agreements?,"Yes,No,NA"
HRS-09.1,Human Resources,"Are employee roles and responsibilities relating to information assets' security and privacy, established, documented and communicated?","Yes,No,NA"
HRS-10.1,Human Resources,"Are requirements for non-disclosure/confidentiality agreements reflectingorganizational data protection needs and operational details identified, documented,and reviewed at planned intervals?","Yes,No,NA"
HRS-11.1,Human Resources,"Is a security awareness training program for all employees of the organizationestablished, documented, approved, communicated, applied, evaluated and maintained?","Yes,No,NA"
HRS-11.2,Human Resources,Are regular security awareness training updates provided?,"Yes,No,NA"
HRS-12.1,Human Resources,Are employees granted access to sensitive organizational and personaldata provided with appropriate security awareness training?,"Yes,No,NA"
HRS-12.2,Human Resources,"Are employees granted access to sensitive organizational and personaldata provided with regular updates in procedures, processes, and policies relatingto their professional function?","Yes,No,NA"
HRS-13.1,Human Resources,"Are employees notified of their roles and responsibilities to maintain awarenessand compliance with established policies, procedures, and applicable legal, statutory,or regulatory compliance obligations?","Yes,No,NA"
IAM-01.1,Identity & Access Management,"Are identity and access management policies and procedures established, documented,approved, communicated, implemented, applied, evaluated, and maintained?","Yes,No,NA"
IAM-01.2,Identity & Access Management,"Are identity and access management policies and procedures reviewed and updatedat least annually, or upon significant changes?","Yes,No,NA"
IAM-02.1,Identity & Access Management,"Are policies and procedures for the management of authentication credentials, including passwords, established, documented,  approved, communicated, implemented, applied, evaluated, and maintained?","Yes,No,NA"
IAM-02.2,Identity & Access Management,"Are policies and procedures reviewed and updated at least annually, or upon significant changes?","Yes,No,NA"
IAM-03.1,Identity & Access Management,"Is the inventory of identities managed, stored, and regularly reviewed, and is their level of access monitored?","Yes,No,NA"
IAM-04.1,Identity & Access Management,Is the separation of duties principle employed when implementing informationsystem access?,"Yes,No,NA"
IAM-05.1,Identity & Access Management,Is the least privilege principle employed when implementing information systemaccess?,"Yes,No,NA"
IAM-06.1,Identity & Access Management,"Is an identity access provisioning process defined and implemented which authorizes, records, and communicates data and assets access changes?","Yes,No,NA"
IAM-07.1,Identity & Access Management,Is a process in place to de-provision or modify identity access in a timely manner?,"Yes,No,NA"
IAM-08.1,Identity & Access Management,"Are reviews and revalidation of identity access for least privilege and separation of duties completed with a frequency commensurate with organizational risk tolerance, and at least annually or upon significant changes?","Yes,No,NA"
IAM-09.1,Identity & Access Management,"Are processes, procedures, and technical measures for the segregation of privilegedaccess roles defined, implemented, and evaluated?","Yes,No,NA"
IAM-10.1,Identity & Access Management,Is an access process defined and implemented to ensure privileged access rolesand rights are granted for a limited period?,"Yes,No,NA"
IAM-10.2,Identity & Access Management,Are procedures implemented to prevent the accumulation of segregated privileged access?,"Yes,No,NA"
IAM-11.1,Identity & Access Management,"Are processes and procedures for service customers to participate, where applicable, in granting access for agreed, high risk as (defined by the organizational risk assessment) privileged access roles defined, implemented and evaluated?","Yes,No,NA"
IAM-12.1,Identity & Access Management,"Are processes, procedures, and technical measures that ensure identities' activities are identifiable through uniquely associated IDs defined, implemented, and evaluated?","Yes,No,NA"
IAM-13.1,Identity & Access Management,"Are processes, procedures, and technical measures for authenticating accessto systems, application, and data assets including multifactor authenticationfor a least-privileged user and sensitive data access defined, implemented, andevaluated?","Yes,No,NA"
IAM-13.2,Identity & Access Management,Are digital certificates or alternatives that achieve an equivalent securitylevel for system identities adopted?,"Yes,No,NA"
IAM-14.1,Identity & Access Management,"Are processes, procedures, and technical measures for the secure management of authentication credentials, including passwords, defined, implemented, and evaluated?","Yes,No,NA"
IAM-15.1,Identity & Access Management,"Are processes, procedures, and technical measures to verify access to dataand system functions authorized, defined, implemented, and evaluated?","Yes,No,NA"
IPY-01.1,Interoperability & Portability,"Are policies and procedures established, documented, approved, communicated,applied, evaluated, and maintained for communications between application interfaces(e.g., APIs)?","Yes,No,NA"
IPY-01.2,Interoperability & Portability,"Are policies and procedures established, documented, approved, communicated,applied, evaluated, and maintained for information processing interoperability?","Yes,No,NA"
IPY-01.3,Interoperability & Portability,"Are policies and procedures established, documented, approved, communicated,applied, evaluated, and maintained for application development portability?","Yes,No,NA"
IPY-01.4,Interoperability & Portability,"Are policies and procedures established, documented, approved, communicated,applied, evaluated, and maintained for information/data exchange, usage, portability,integrity, and persistence?","Yes,No,NA"
IPY-01.5,Interoperability & Portability,"Are interoperability and portability policies and procedures reviewed andupdated at least annually, or upon significant changes?","Yes,No,NA"
IPY-02.1,Interoperability & Portability,Are service customers able to programmatically retrieve their data via an application interface(s)to enable interoperability and portability?,"Yes,No,NA"
IPY-03.1,Interoperability & Portability,"Are cryptographically secure network protocols implemented for the management, import, and export of data in accordance with industry standards?","Yes,No,NA"
IPY-04.1,Interoperability & Portability,"Do agreements include provisions specifying service customers' data access upon contract termination, and have the following?a. Data formatb. Duration data will be storedc. Scope of the data retained and made available to the service customersd. Data deletion policy","Yes,No,NA"
I&S-01.1,Infrastructure Security,"Are infrastructure and virtualization security policies and procedures established,documented, approved, communicated, applied, evaluated, and maintained?","Yes,No,NA"
I&S-01.2,Infrastructure Security,"Are infrastructure and virtualization security policies and procedures reviewedand updated at least annually, or upon significant changes?","Yes,No,NA"
I&S-02.1,Infrastructure Security,"Is resource availability, quality, and capacity planned and monitored in away that delivers required system performance, as determined by the business?","Yes,No,NA"
I&S-03.1,Infrastructure Security,"Are communications between environments, services, and applications monitored?","Yes,No,NA"
I&S-03.2,Infrastructure Security,"Are communications between environments, services, and applications encrypted?","Yes,No,NA"
I&S-03.3,Infrastructure Security,"Are communications between environments, services, and applications restricted to only authenticated and authorized connections, as justified by the business?","Yes,No,NA"
I&S-03.4,Infrastructure Security,Are network configurations reviewed at least annually?,"Yes,No,NA"
I&S-03.5,Infrastructure Security,"Are network configurations supported by the documented justification of allallowed services, protocols, ports, and compensating controls?","Yes,No,NA"
I&S-04.1,Infrastructure Security,"Is every host and guest OS, hypervisor, or infrastructure control plane hardened(according to their respective best practices) and supported by technical controlsas part of a security baseline?","Yes,No,NA"
I&S-05.1,Infrastructure Security,Are the environments separated into production and non production environments to reduce the risk of sensitive production data being used in non-production environments?,"Yes,No,NA"
I&S-05.2,Infrastructure Security,Is production data sanitized or protected before being used for any authorized non-production purpose?,"Yes,No,NA"
I&S-06.1,Infrastructure Security,"Are applications and infrastructures designed, developed, deployed, and configured such that service customer (tenant) access is appropriately segmented, segregated, monitored, and restricted?","Yes,No,NA"
I&S-07.1,Infrastructure Security,"Are secure and encrypted communication channels including only up-to-dateand approved protocols used when migrating servers, services, applications, ordata to cloud environments?","Yes,No,NA"
I&S-08.1,Infrastructure Security,"Are high-risk environments identified and documented based on data sensitivity, threat exposure, and business impact?","Yes,No,NA"
I&S-09.1,Infrastructure Security,"Are processes, procedures, and defense-in-depth techniques defined, implemented,and evaluated for protection, detection, and timely response to network-basedattacks?","Yes,No,NA"
LOG-01.1,Logging and Monitoring,"Are logging and monitoring policies and procedures established, documented,approved, communicated, applied, evaluated, and maintained?","Yes,No,NA"
LOG-01.2,Logging and Monitoring,"Are policies and procedures reviewed and updated at least annually, or upon significant changes?","Yes,No,NA"
LOG-02.1,Logging and Monitoring,"Are processes, procedures, and technical measures defined, implemented, andevaluated to ensure audit log security and retention?","Yes,No,NA"
LOG-03.1,Logging and Monitoring,Are security-related events identified and monitored within applications andthe underlying infrastructure?,"Yes,No,NA"
LOG-03.2,Logging and Monitoring,Is a system defined and implemented to generate alerts to responsible stakeholdersbased on security events and their corresponding metrics?,"Yes,No,NA"
LOG-04.1,Logging and Monitoring,"Is audit log access restricted to authorized identities, and are records of that access maintained?","Yes,No,NA"
LOG-05.1,Logging and Monitoring,Are capabilities implemented and maintained to correlate and monitor security audit logs for the detection of suspicious or anomalous activity that deviates from typical or expected patterns?,"Yes,No,NA"
LOG-05.2,Logging and Monitoring,Is a process established and followed to review and take appropriate and timelyactions on detected anomalies?,"Yes,No,NA"
LOG-06.1,Logging and Monitoring,Is a reliable time source being used across all relevant information processingsystems?,"Yes,No,NA"
LOG-07.1,Logging and Monitoring,"Are logging requirements for information meta/data system events established,documented, and implemented?","Yes,No,NA"
LOG-07.2,Logging and Monitoring,"Is the scope reviewed and updated at least annually, or whenever there is a change in the threat environment and as per relevant regulatory requirements?","Yes,No,NA"
LOG-08.1,Logging and Monitoring,"Are technical measures defined, implemented, and evaluated to enable service customers to detect and scrub or tokenize sensitive data from logs, in order to prevent unauthorized exposure as per applicable laws and regulations?","Yes,No,NA"
LOG-09.1,Logging and Monitoring,"Are audit records generated, and do they contain relevant security information?","Yes,No,NA"
LOG-10.1,Logging and Monitoring,"Are audit records protected from unauthorized access, modification, and deletion?","Yes,No,NA"
LOG-11.1,Logging and Monitoring,"Are monitoring and internal reporting capabilities established to report oncryptographic operations, encryption, and key management policies, processes,procedures, and controls?","Yes,No,NA"
LOG-12.1,Logging and Monitoring,Are key lifecycle management events logged and monitored to enable auditingand reporting on cryptographic keys' usage?,"Yes,No,NA"
LOG-13.1,Logging and Monitoring,Is physical access logged and monitored using an auditable access controlsystem?,"Yes,No,NA"
LOG-14.1,Logging and Monitoring,"Are processes and technical measures for reporting monitoring system anomaliesand failures defined, implemented, and evaluated?","Yes,No,NA"
LOG-14.2,Logging and Monitoring,Are accountable parties immediately notified about anomalies and failures?,"Yes,No,NA"
SEF-01.1,"Security Incident Management, E-Discovery, & Cloud Forensics","Are policies and procedures for security incident management, e-discovery,and cloud forensics established, documented, approved, communicated, applied,evaluated, and maintained?","Yes,No,NA"
SEF-01.2,"Security Incident Management, E-Discovery, & Cloud Forensics","Are policies and procedures reviewed and updated annually, or upon significant changes?","Yes,No,NA"
SEF-02.1,"Security Incident Management, E-Discovery, & Cloud Forensics","Are policies and procedures for timely management of security incidents established,documented, approved, communicated, applied, evaluated, and maintained?","Yes,No,NA"
SEF-02.2,"Security Incident Management, E-Discovery, & Cloud Forensics","Are policies and procedures for timely management of security incidents reviewedand updated at least annually, or upon significant changes?","Yes,No,NA"
SEF-03.1,"Security Incident Management, E-Discovery, & Cloud Forensics","Is a security incident response plan that includes a communication strategy for notifying relevant internal departments, impacted service customers, and other business-critical relationships (such as supply-chain) established, documented, approved, communicated, applied, evaluated, and maintained?","Yes,No,NA"
SEF-04.1,"Security Incident Management, E-Discovery, & Cloud Forensics",Is a structured approach followed to evaluate the effectiveness of incident response plans at planned intervals or upon significant changes?,"Yes,No,NA"
SEF-05.1,"Security Incident Management, E-Discovery, & Cloud Forensics","Are information security incident metrics established, monitored and reported?","Yes,No,NA"
SEF-06.1,"Security Incident Management, E-Discovery, & Cloud Forensics","Are processes, procedures, and technical measures supporting business processesto triage security-related events defined, implemented, and evaluated?","Yes,No,NA"
SEF-07.1,"Security Incident Management, E-Discovery, & Cloud Forensics","Are processes, procedures, and technical measures defined, implemented, and evaluated for timely and effective response to security incidents in accordance with incident categories and severity levels?","Yes,No,NA"
SEF-07.2,"Security Incident Management, E-Discovery, & Cloud Forensics","Are these processes and procedures reviewed, updated, and tested at least annually?","Yes,No,NA"
SEF-08.1,"Security Incident Management, E-Discovery, & Cloud Forensics","Are processes, procedures, and technical measures for security breach notificationsdefined and implemented?","Yes,No,NA"
SEF-08.2,"Security Incident Management, E-Discovery, & Cloud Forensics","Are material security breaches reported (including any relevant supply chain breaches) as per applicable SLAs, laws, and regulations?","Yes,No,NA"
SEF-09.1,"Security Incident Management, E-Discovery, & Cloud Forensics",Is a secure repository of security incident records established and maintained?,"Yes,No,NA"
SEF-09.2,"Security Incident Management, E-Discovery, & Cloud Forensics","Are incident records regularly reviewed to identify patterns, root causes, and systemic vulnerabilities, and are relevant corrective measures implemented?","Yes,No,NA"
SEF-10.1,"Security Incident Management, E-Discovery, & Cloud Forensics","Are points of contact maintained for applicable regulation authorities, nationaland local law enforcement, and other legal jurisdictional authorities?","Yes,No,NA"
SEF-10.2,"Security Incident Management, E-Discovery, & Cloud Forensics",Are points of contact reviewed and updated at least annually?,"Yes,No,NA"
STA-01.1,"Supply Chain Management, Transparency, and Accountability","Are policies and procedures for supply chain risk management established, documented, approved, communicated, applied, evaluated, and maintained?","Yes,No,NA"
STA-01.2,"Supply Chain Management, Transparency, and Accountability","Are policies and procedures for supply chain risk management reviewed and updated at least annually, or upon significant changes?","Yes,No,NA"
STA-02.1,"Supply Chain Management, Transparency, and Accountability","Are policies and procedures implementing the shared security responsibilitymodel (SSRM) within the organization established, documented, approved, communicated,applied, evaluated, and maintained?","Yes,No,NA"
STA-02.2,"Supply Chain Management, Transparency, and Accountability","Are the policies and procedures that apply the SSRM reviewed and updated annually, or upon significant changes?","Yes,No,NA"
STA-03.1,"Supply Chain Management, Transparency, and Accountability","Is the SSRM applied, documented, implemented, and managed throughout the supplychain?","Yes,No,NA"
STA-04.1,"Supply Chain Management, Transparency, and Accountability",Is the service customer given SSRM guidance detailing information about SSRM applicabilitythroughout the supply chain?,"Yes,No,NA"
STA-05.1,"Supply Chain Management, Transparency, and Accountability",Is the shared ownership and applicability of all CSA CCM controls delineatedaccording to the SSRM?,"Yes,No,NA"
STA-06.1,"Supply Chain Management, Transparency, and Accountability",Is the SSRM documentation reviewed and validated?,"Yes,No,NA"
STA-07.1,"Supply Chain Management, Transparency, and Accountability","Are the portions of the SSRM the organization is responsible for implemented,operated, audited, or assessed?","Yes,No,NA"
STA-08.1,"Supply Chain Management, Transparency, and Accountability",Is an inventory of all supply chain relationships developed and maintained?,"Yes,No,NA"
STA-09.1,"Supply Chain Management, Transparency, and Accountability","Is a process defined, implemented, and enforced for establishing a Bill of Material for the service supply chain?","Yes,No,NA"
STA-09.2,"Supply Chain Management, Transparency, and Accountability",Is the Bill of Material reviewed and updated at least annually or upon significant changes?,"Yes,No,NA"
STA-10.1,"Supply Chain Management, Transparency, and Accountability",Are risk factors associated with supply chain relationships periodically reviewed?,"Yes,No,NA"
STA-11.1,"Supply Chain Management, Transparency, and Accountability","Do service agreements between service providers and service customers (tenants) incorporate at least the following mutually agreed upon provisions and/or terms?• Scope, characteristics, and location of business relationship and services offered• Information security requirements (including SSRM)• Change management process• Logging and monitoring capability• Incident management and communication procedures• Right to audit and third-party assessment• Service termination• Interoperability and portability requirements• Data privacy• Operational Resilience","Yes,No,NA"
STA-12.1,"Supply Chain Management, Transparency, and Accountability",Are supply chain agreements reviewed at least annually or upon significant changes?,"Yes,No,NA"
STA-13.1,"Supply Chain Management, Transparency, and Accountability","Is there a process for conducting internal assessments at least annually toconfirm the conformance and effectiveness of standards, policies, procedures,and SLA activities?","Yes,No,NA"
STA-14.1,"Supply Chain Management, Transparency, and Accountability","Are policies that require all supply chain service providers to comply with informationsecurity, confidentiality, access control, privacy, audit, personnel policy, andservice level requirements and standards implemented?","Yes,No,NA"
STA-15.1,"Supply Chain Management, Transparency, and Accountability",Are the organization's service providers' IT governance policies and procedures reviewed at least annually or upon significant changes?,"Yes,No,NA"
STA-16.1,"Supply Chain Management, Transparency, and Accountability",Is a process defined and implemented for conducting risk-based security assessments of the supply chain?,"Yes,No,NA"
TVM-01.1,Threat and Vulnerability Management Policy and Procedures,"Are policies and procedures established, documented, approved, communicated,applied, evaluated, and maintained to identify, report, and prioritize the remediationof vulnerabilities and threats to protect systems against vulnerability exploitation?","Yes,No,NA"
TVM-01.2,Threat and Vulnerability Management Policy and Procedures,"Are threat and vulnerability management policies and procedures reviewed andupdated at least annually, or upon significant changes?","Yes,No,NA"
TVM-02.1,Threat and Vulnerability Management Policy and Procedures,"Are policies and procedures to protect against malware and malicious instructions established, documented, approved, communicated, applied, evaluated, and maintained?","Yes,No,NA"
TVM-02.2,Threat and Vulnerability Management Policy and Procedures,"Are asset management and malware protection policies and procedures reviewedand updated at least annually, or upon significant changes?","Yes,No,NA"
TVM-03.1,Threat and Vulnerability Management Policy and Procedures,"Are processes, procedures, and technical measures defined, implemented, and evaluated for vulnerability detection on organizationally managed assets at least monthly?","Yes,No,NA"
TVM-04.1,Threat and Vulnerability Management Policy and Procedures,"Are a threat analysis process and procedures defined, implemented, and evaluated to identify, assess, and review the threat landscape for cloud systems?","Yes,No,NA"
TVM-04.2,Threat and Vulnerability Management Policy and Procedures,Are threat models built according to industry best practices to inform the risk mitigation strategy?,"Yes,No,NA"
TVM-05.1,Threat and Vulnerability Management Policy and Procedures,"Are processes, procedures, and technical measures defined, implemented, andevaluated to update detection tools, threat signatures, and compromise indicatorsweekly (or more frequent) basis?","Yes,No,NA"
TVM-06.1,Threat and Vulnerability Management Policy and Procedures,"Are processes, procedures, and technical measures defined, implemented, andevaluated to identify updates for applications that use third-party or open-sourcelibraries (according to the organization's vulnerability management policy)?","Yes,No,NA"
TVM-07.1,Threat and Vulnerability Management Policy and Procedures,"Are processes, procedures and technical measures defined, implemented and evaluated for the periodic performance of penetration testing by independent third parties?","Yes,No,NA"
TVM-08.1,Threat and Vulnerability Management Policy and Procedures,"Are processes, procedures and technical measures defined, implemented and evaluated based on identified risks to support scheduled and emergency responses to vulnerability identification?","Yes,No,NA"
TVM-09.1,Threat and Vulnerability Management Policy and Procedures,Is vulnerability remediation prioritized using a risk-based method from anindustry-recognized framework?,"Yes,No,NA"
TVM-10.1,Threat and Vulnerability Management Policy and Procedures,"Is a risk-based method used for the prioritization and mitigation of threats, leveraging an industry-recognized framework to guide threat decision-making and protection measures? ","Yes,No,NA"
TVM-11.1,Threat and Vulnerability Management Policy and Procedures,Is a process defined and implemented to track and report vulnerability identificationand remediation activities that include stakeholder notification?,"Yes,No,NA"
TVM-12.1,Threat and Vulnerability Management Policy and Procedures,"Are metrics for vulnerability identification and remediation established,monitored, and reported at defined intervals?","Yes,No,NA"
UEM-01.1,Universal Endpoint Management,"Are policies and procedures established, documented, approved, communicated,applied, evaluated, and maintained for all endpoints?","Yes,No,NA"
UEM-01.2,Universal Endpoint Management,"Are universal endpoint management policies and procedures reviewed and updatedat least annually, or upon significant changes?","Yes,No,NA"
UEM-02.1,Universal Endpoint Management,"Is there a defined, documented, applicable and evaluated list containing approvedservices, applications, and the sources of applications (stores) acceptable foruse by endpoints when accessing or storing organization-managed data?","Yes,No,NA"
UEM-03.1,Universal Endpoint Management,Is a process defined and implemented to validate endpoint device compatibilitywith operating systems and applications?,"Yes,No,NA"
UEM-04.1,Universal Endpoint Management,"Is an inventory of all endpoints used and maintained to store, access and process companydata?","Yes,No,NA"
UEM-05.1,Universal Endpoint Management,"Are processes, procedures, and technical measures defined, implemented andevaluated, to enforce policies and controls for all endpoints permitted to accesssystems and/or store, transmit, or process organizational data?","Yes,No,NA"
UEM-06.1,Universal Endpoint Management,Are all relevant interactive-use endpoints configured to require an automaticlock screen?,"Yes,No,NA"
UEM-07.1,Universal Endpoint Management,"Are changes to endpoint operating systems, patch levels, and/or applicationsmanaged through the organizational change management process?","Yes,No,NA"
UEM-08.1,Universal Endpoint Management,Is information protected from unauthorized disclosure on managed endpointswith storage encryption?,"Yes,No,NA"
UEM-09.1,Universal Endpoint Management,Are anti-malware detection and prevention technology services configured onmanaged endpoints?,"Yes,No,NA"
UEM-10.1,Universal Endpoint Management,Are software firewalls configured on managed endpoints?,"Yes,No,NA"
UEM-11.1,Universal Endpoint Management,Are managed endpoints configured with data loss prevention (DLP) technologiesand rules per a risk assessment?,"Yes,No,NA"
UEM-12.1,Universal Endpoint Management,"Are remote geo-location capabilities enabled for all managed mobile endpoints, in accordance with applicable laws and regulations?","Yes,No,NA"
UEM-13.1,Universal Endpoint Management,"Are processes, procedures, and technical measures defined, implemented, andevaluated to enable remote company data deletion on managed endpoint devices?","Yes,No,NA"
UEM-14.1,Universal Endpoint Management,"Are processes, procedures, and technical and/or contractual measures defined,implemented, and evaluated to maintain proper security of third-party endpointswith access to organizational assets?","Yes,No,NA"